theta_global,theta_high,theta_med,theta_low
0.21863149275942495,0.22308278089750155,0.23292382720854377,0.024411815830035044
0.34242059616264314,0.35667145247617105,0.34480994557263445,0.0025759083711329733
0.38334981471892227,0.3643078832909129,0.5046973398915676,0.02776032017948582
0.2763331584300616,0.2951117031890603,0.24925323975996527,0.025042886576012058
0.527137183031431,0.544438731820525,0.5378342816143783,0.06385487424565972
0.4057702939536399,0.4112710861271849,0.42045836280740423,0.1850939382608826
0.5297650686642433,0.5606548640327352,0.47782778408198945,0.1644641455082544
0.13050619703965752,0.13355807168740386,0.13781017216641533,0.013567634217637625
0.36961533435602334,0.38568304226084493,0.2855492153595266,0.5505077740936173
0.3804395856394229,0.379010954414554,0.4211868504764391,0.1480360589726618
0.2936530284119341,0.3223263603129848,0.2304950373857011,0.051743327450811005
0.315368855694069,0.3273019306655156,0.3206534608537094,0.009447245348706224
0.4006154052981954,0.42641695211048114,0.35178517447869917,0.13090882724381225
0.57500302515557,0.5722218141546913,0.6601299565630361,0.08484946322107301
0.3515671069465494,0.3852411873024991,0.27575757874798223,0.07810706216560825
0.2739373540469054,0.26937353001993514,0.33157623792595803,0.0030626547609625687
0.35933808003550255,0.3748468303083945,0.32588762432994156,0.22387695322712597
0.2760271057729668,0.2649884209228821,0.35097781787919247,0.03995098559947241
0.30240770707480746,0.32441106885268456,0.2566446036155018,0.0991967352366202
0.36114552940972794,0.399676962671602,0.27835086597351477,0.02255874693750215
0.3539756324923719,0.33735985459689655,0.457503739647552,0.059025120085979155
0.4523234507433551,0.4809014378895119,0.42130675760943215,0.003619314007004437
0.39562514853801556,0.4591107923323262,0.22704701932160842,0.04686351142027401
0.454649825058492,0.46594679980273523,0.46892437557671873,0.10475666510219561
0.2585743130979634,0.27550415200197775,0.22868859638852757,0.06759721433282817
0.3818395530089872,0.43125165093046147,0.2583054635028904,0.060502904791842504
0.34847053435237957,0.37739330607117505,0.299218740401906,0.010474174977894601
0.26946713207998685,0.29230719361118696,0.2285295911769979,0.015842131628977962
0.3287535849802228,0.3339254212026572,0.35929894170803434,0.012468407115749813
0.3481841247714381,0.36338153995392886,0.3187448748488768,0.19372958154804598
0.27965794826850837,0.3094632637145327,0.20572296555282088,0.08205319566859415
0.6247263018556859,0.6527086056760819,0.6228047716359286,4.1828335108184955e-4
0.33836092795726236,0.35008708437330316,0.3142457217050524,0.22828887225214356
0.37598951513908224,0.39601190496986505,0.3534479438420518,0.06688700861344021
0.3261303266203079,0.3151881640686568,0.4007708415943235,0.08987434616270762
0.3738171949348271,0.42288751632058097,0.259418669981782,8.64262677551908e-4
0.2750689140023357,0.30696185823085265,0.18498992775541523,0.13491446017596942
0.43773293394120866,0.43056095692156504,0.49469663614257653,0.23060230606078058
0.405366345720769,0.448791120004832,0.3148030731673923,0.005927530736632325
0.46393833642785964,0.44914783518653045,0.5684947732615826,0.12076391181520874
0.5274704499192414,0.572627870881765,0.42342607291002,0.17624771821156748
0.42566588005790285,0.4401276392045903,0.4346692682526314,0.03802094680348511
0.23181841359277036,0.21597878264487202,0.3171023485132224,0.03781802782964472
0.23502007425085147,0.2519520701268163,0.20421498197554444,0.04997113953352783
0.29573612592050125,0.32161973771385943,0.2321472273387818,0.12011433754589784
0.4193032696973353,0.42601787941276903,0.45097247878798263,0.060602145395952656
0.3107518987969344,0.33272616891551654,0.2751431496011205,0.04218520595256481
0.6690928471868004,0.6965807056056633,0.6756680811756869,7.959826829552208e-4
0.35940553233276334,0.38658362690553405,0.31949135605597123,4.05436706704676e-4
0.4407395922802817,0.45035701034438513,0.4401326311976663,0.2258195728446769
0.3124929517116577,0.31645923697126976,0.34656385397122536,7.217484266239804e-4
0.34957185238264443,0.3668191828946419,0.33309024129360354,0.06422373227287637
0.35267823058377373,0.34893966017000055,0.4182016682393189,0.011762185060044117
0.3661624456416248,0.36642433660693596,0.41636988012551546,0.0337826788469312
0.3318877820122798,0.347796141140329,0.3147673668832449,0.0811641246944328
0.5401858769947161,0.5069823971513755,0.734766259216905,0.030756600816905344
0.4229171828385879,0.4528964098382604,0.3497413984096043,0.21641880859064155
0.28112815188131735,0.32436998768024994,0.17073930412288552,0.014746996867123774
0.46808958990070854,0.5362970696430606,0.24256885809343165,0.3820799126876506
0.40266222325530915,0.37818948721774437,0.5013891386395751,0.3177291748620602
0.4146747523566234,0.4533255984762665,0.32296746175742796,0.13131523245024568
0.5546505567891604,0.5529334898630478,0.6223744094193412,0.1534247889553354
0.3418740147222748,0.38573571907202253,0.22490384236194805,0.10417433187715619
0.5494384744325012,0.5748030785918995,0.4981990689627742,0.30533858320028573
0.37317003251712094,0.398669012366612,0.2992277501372652,0.2736131582979412
0.2895253433743823,0.29866988097145397,0.28719255422644396,0.09658713088914772
0.2513818669141877,0.251799527092894,0.2878242724798522,0.00494951512984354
0.2756195385602941,0.3124999593985148,0.1872728785154859,0.010701170043722619
0.2772965318930351,0.28351481417330726,0.25333326879803186,0.2915807802817314
0.39130978963283386,0.3894762135028925,0.4507215047970925,0.046776186800610686
0.41474174854089396,0.4144216460471497,0.4773585295362177,0.014928131641225195
0.6861606383887282,0.7296961739894698,0.572461177807898,0.4346193784851138
0.3855801333256028,0.3749333498542117,0.4799911997355206,0.014065385363573601
0.3122908525348011,0.3257024003109352,0.26939472841815715,0.2859666186543275
0.5068190918949936,0.5853097138082863,0.3093887478565637,0.004165688409714541
0.6241569884839612,0.6697712416191659,0.551128801853717,0.06088858591085433
0.3015122962625156,0.319834924373092,0.27857881990856337,0.03363965870720598
0.33658120259921653,0.3567832575694625,0.31542018580330533,0.014414438032153809
0.34276434666335825,0.3743869703117869,0.26409468312501116,0.13458479969919657
0.5630599317227791,0.5702027553840981,0.5312584890439438,0.6072634797320894
0.41487185087420786,0.46185785862811146,0.3069293948001359,0.047378551798434865
0.37530337710417094,0.3782288515698988,0.4121407722509858,0.06923203618578444
0.2638832153231298,0.26047579839427804,0.2927843533601504,0.15352813823993228
0.3215802527372691,0.3553387284826355,0.23334726363143776,0.12696979285314824
0.31896679323796545,0.3234958248917782,0.3334261857760522,0.12189177096958015
0.4579780963513566,0.43697431113613117,0.575628085817058,0.17107427749507687
0.2893655764184338,0.2977157276843426,0.2942345863951594,0.0676834708665558
0.49323912132101955,0.5075329319025204,0.5178351688505333,0.00804174062229479
0.341904407537358,0.324610072739529,0.45421228062511376,0.005315008995634307
0.3353631908562851,0.37684057055024645,0.2192868466211242,0.14611305987402934
0.28169631206370643,0.30052903116360863,0.24673121692886424,0.08043805984577457
0.6883242269207516,0.7257862612044038,0.6259310291489238,0.24143545160569646
0.5706860846159617,0.5876942491961631,0.5947087525394006,0.027445215000542533
0.3873095738810136,0.4179036688869864,0.3362371388980381,0.023115227848157227
0.20670454722556136,0.21932353853765651,0.1927314051652822,0.010376146595403202
0.2539954672201799,0.2713006924743807,0.22577387408568994,0.04365642803902259
0.40189798859098874,0.42866446544556813,0.36886486769156057,0.007528524412970028
0.30707559061281975,0.33617319849576865,0.22996292744834468,0.14623577606560734
0.24353813070975425,0.24545690502941786,0.24579982290522018,0.18516785406964753
0.36488055402493685,0.391114229552031,0.31282915558641644,0.10628208639350134
0.38544915207275904,0.37814113814533745,0.4656328920182339,0.030451029833030385
0.3136477055394772,0.3134544752172954,0.3342015748941588,0.18441566935749887
0.4141833892148165,0.4170596290548355,0.43826334436920156,0.19217402666100236
0.3594472496535778,0.3444734002825933,0.4451975136020725,0.14271224018087514
0.38038030270206813,0.387491227697106,0.40434137721316565,0.06277398159182934
0.36098717214572196,0.37463785379618353,0.36611221399663807,0.01701492031840024
0.5269545818437634,0.5117807237121855,0.6567827621597236,0.028201979286491707
0.2972453080495629,0.32049496943282085,0.2506368204480337,0.07116816705101792
0.38507150633337706,0.3911495368450135,0.4178974188893939,0.033336963388395646
0.37460552027973604,0.4217505810811878,0.2590288784011767,0.05312569149632951
0.34681026099656354,0.366988371739405,0.3187065367714176,0.0703258897433181
0.3591502542741362,0.37043820447740683,0.37400932045440405,0.005662283741245444
0.355168394168562,0.3685916430371885,0.3435006906634489,0.1255486565215247
0.43312533393145336,0.4780460830392885,0.3419712607994716,0.00348326887041972
0.3284215138553204,0.3389496762605231,0.33318380735989495,0.057867640813443644
0.37163797240280744,0.3894309778639121,0.366227838391857,0.0018914105532465975
0.2672645260910206,0.27064225337207026,0.2911950218279775,0.034814380087289876
0.318947842699101,0.32237271590085026,0.34984502224558034,0.040131415673536175
0.6010673212014037,0.6113177161323414,0.5866764066355018,0.46135781239810514
0.25336798725017223,0.2702452200525023,0.22739502512683385,0.0381495809453305
0.6664859088750769,0.688649394657829,0.658819709370492,0.21194680783232156
0.3524731369097856,0.37913778779579943,0.2943948661797968,0.12325010402815761
0.5487086289801861,0.5872765439473628,0.47415680498044444,0.15570142440077528
0.25047788243313046,0.2576651974238554,0.25606027431238176,0.05062075151759993
0.29110066135410845,0.31731373293129217,0.23125924554795219,0.08361729305047116
0.4110664572849151,0.4281711027413184,0.4091556202258493,0.03423467150754722
0.25272375692414123,0.2568199436529591,0.2759230619412343,0.008677220167842226
0.3234793904895858,0.336313738886839,0.28413052812881134,0.2872283813149379
0.2523048840667885,0.2691540693257276,0.22606588489919444,0.03945438289613179
0.259341964579287,0.29163422034485287,0.1751832072267443,0.07161035111583558
0.36651839045619267,0.390730015357737,0.3351046433686947,0.019762132522044062
0.42840277461605686,0.4051837747027016,0.5643018194064036,0.0732663281667828
0.2032316871190344,0.21353177056733963,0.17528708565378182,0.150509675652712
0.32754463221032715,0.3626650054799474,0.25462759270654556,0.002365619516706108
0.5073209331791881,0.5266327283610852,0.4773912635101911,0.262422781129922
0.43108751899878434,0.44692961344510695,0.43420928270684,0.050268867146656904
0.3714655336910662,0.3676202999294511,0.4335061977733521,0.05561984367747319
0.2745479864020239,0.29281245187267735,0.2352417851589692,0.11444500620307807
0.3789760625404319,0.391859584089969,0.35379022814251626,0.24952614989832045
0.23692888330671916,0.21956008451452125,0.31709984182092243,0.11096980542322621
0.458215237420459,0.45880587272601103,0.5185018821025702,0.052824924433996
0.4267686281552854,0.43171667159952065,0.45197827836273063,0.15026605494373757
0.31735427883068845,0.33582758036859095,0.2739237990025968,0.17931244676017033
0.3668951590595462,0.3761921954134706,0.3610321790809714,0.193437761119992
0.30678481991002193,0.3281328711239807,0.27504467953344736,0.027317688435594123
0.7689347174271802,0.7438790223480523,0.837889810023416,0.8908274805280961
0.49210051025951035,0.5437872602728963,0.3669733779015819,0.1293560495298265
0.3683375064354612,0.3899598541813146,0.34125691969135663,0.05233439995593636
0.3431843758609729,0.3768072502104669,0.27242707042112957,0.038042994906109184
0.4678777848302373,0.460661736128521,0.5410778290379668,0.15619075616226885
0.33764051899928305,0.3693457889546953,0.2695460929024337,0.058826060318944995
0.4577150976545509,0.4702254870094241,0.4768204110044765,0.04880110006656169
0.38094143033421435,0.3848060782836289,0.41217161082427445,0.08995195236083808
0.28863383093804795,0.3385997031613571,0.15760405401795252,0.0034274400157970897
0.4162876437805279,0.4480940797333005,0.36880101117498487,0.0011909101688628576
0.37671795278838716,0.4211055619938696,0.2787518696103156,0.0034964627622277034
0.3736266852567622,0.4100373392344826,0.2957634623404367,0.051241650646513204
0.3161270003959634,0.34245018011392403,0.2709462857569307,0.010822430182716336
0.3115984461205844,0.30320225969409864,0.3813164850207681,0.04940611896185432
0.4443160046270892,0.4606174014956457,0.4031107535260018,0.3412336260117712
0.379539100344541,0.3377003741631648,0.5644608558785137,0.1294192452536218
0.2839275535874508,0.2997468379567464,0.25763032471478586,0.09489335587337488
0.41790491970833177,0.42746799414750425,0.42756583151691907,0.13746581215162978
0.4710023769765746,0.4617949815575262,0.5616977748276052,0.0908882323390181
0.2722085962097531,0.29766239177126275,0.2084650218411428,0.10737386265690685
0.4066292074778773,0.4562427481271716,0.2858666664097381,0.06268926080851245
0.44413150956968567,0.4930717754688281,0.3363737612944129,0.030963776279014255
0.312511263076265,0.3588132994763429,0.19705940114527032,0.009405116552020809
0.2642880484298047,0.30920738262355096,0.14695095384814327,0.004905120117990824
0.22750709474970704,0.23623267460292807,0.2213900885581529,0.06870601605329729
0.21836866321265008,0.23806329005954752,0.18230167478290182,0.004659624093108605
0.44694365484572623,0.47367279302570287,0.41955569351893574,0.016722338018730687
0.37481200934349124,0.40099593462981964,0.3395355145191995,0.008284951756305392
0.38677607865835967,0.34025211269592837,0.5753966542143127,0.21923186753584256
0.34512171737210395,0.3463444153576213,0.38683612620455443,0.04609337570726779
0.45100314203147723,0.507020480495914,0.3223507261779438,0.012625696993117441
0.3800874284992424,0.3958465077565252,0.3751174039450018,0.053766125768371476
0.2765923203548099,0.31971103523904154,0.16363748114946997,0.02969566028164672
0.3656828876117291,0.37168343181810093,0.34122219788456953,0.3881562407335164
0.26029478617226803,0.27604056755948936,0.24488317749422395,0.0021612774498915854
0.29419873607252567,0.30232062518806035,0.3108332074629393,0.0012189936509603427
0.542512494331979,0.5742949294197333,0.505883332818054,0.0573729261861442
0.3054268231024581,0.330268367670452,0.2626425997005821,0.018259609720353676
0.5187898384915759,0.53455994428405,0.5395096366145573,0.025197159386778467
0.4552978215848823,0.5047749346771294,0.3497869754236451,0.015304850022715755
0.3705430228044641,0.3995915179026397,0.3233823009786845,0.016090595628460713
0.34873851734616845,0.382892096790014,0.21790620967366303,0.42209283138361164
0.3441822525740645,0.35140829312807054,0.3670313824406469,0.031185440343746484
0.305818205383741,0.333883178101517,0.2532509085321607,0.00889849695149747
0.38777301407718867,0.4034112218413569,0.33845300865766825,0.3525404681760872
0.24366807516709907,0.2506438340471403,0.2553955968753253,0.008673285081138404
0.5313885603698192,0.5510248931043689,0.5410281712779481,0.021848130998345927
0.4730912045883856,0.49335046692958484,0.4492109768999345,0.1673013010442388
0.7946172423974737,0.8343836189576015,0.7499822370629514,0.17983439193129735
0.30924267828397034,0.34082343188645925,0.22278949852281105,0.1526199221272958
0.36105951848132173,0.3852236963094643,0.3049511503294382,0.17593324060946902
0.4216306858452097,0.4623246030584295,0.3398816428684982,0.027033660651713087
0.5437172502578429,0.5641840365217796,0.5426971434251886,0.0845813199815556
0.5521451722795914,0.5305702990333754,0.6890482932294719,0.15306497429821309
0.4194438357756106,0.4163231617304074,0.4864074396556033,0.05510302689852742
0.4253082165810103,0.4728615764072215,0.3234373561435253,0.005429515437237353
0.4295092702169486,0.46208263879267963,0.35939199835126323,0.14409064026892315
0.35152483674545665,0.35673384795689034,0.38169114834195694,0.03685799111047339
0.4591220430706208,0.4654388931095985,0.495566800013155,0.07842497730368803
0.30807585885412214,0.32419668798581425,0.2912174602798294,0.050813484519121044
0.3250841474582445,0.34706252550774497,0.29742296414302294,0.004753469798728482
0.42062349255965054,0.4373155379281445,0.4267813021178076,7.236594936338436e-4
0.5024457871280228,0.5256919510104604,0.4605802367010211,0.24561239172720228
0.25970016497809034,0.2506007805922249,0.31297203644784255,0.12043421598503556
0.37807248252561787,0.40957472042511567,0.31767385859357167,0.05384480138415115
0.3966501286853773,0.4385796250195326,0.30895562293284073,0.012588679424148985
0.4332166190367813,0.427555469071876,0.5056678398068593,0.09101276687819315
0.27422971093978704,0.3002311580774383,0.2140482495214503,0.07377311695265665
0.38416394243254476,0.4156563924475314,0.3278689378704177,0.03347963525606579
0.5215399556095759,0.5571841261112143,0.4745281163336612,0.016020047047315744
0.38122946716371275,0.37243621786994785,0.45781999477461666,0.08339223839067667
0.5683760719489257,0.578213898184065,0.5482991183077097,0.47502285202926275
0.3284167796992901,0.36429858987346087,0.24185806629880957,0.074599858532995
0.46747413226624285,0.5020622603340378,0.4007038435049065,0.11444492877182522
0.4933684338496774,0.5202420007772384,0.46832012050466143,0.04464926903303035
0.28406372068399444,0.32890593194146955,0.17074547346885438,3.0766673101356723e-4
0.3123845301740497,0.33822199145121545,0.22852759392689193,0.2695841179982764
0.3586352889820704,0.3922762156381835,0.2831274023418925,0.08396863191411374
0.2843940044545427,0.2989904598920282,0.268636969785069,0.054661771896745925
0.3300260982880587,0.32994957399078917,0.34477728650165007,0.23586384551965212
0.3819912162952875,0.3519241770562408,0.5241579804177198,0.14194831118496654
0.4424809058809999,0.45142083491244867,0.4783585475507911,0.005776793607914388
0.33251474555945776,0.36832097146244613,0.24850227395086788,0.06386371690677739
0.2659331559183355,0.28611124277360445,0.19020589105615093,0.29907018222311965
0.2756830674449749,0.29580407633847783,0.23284291460393958,0.09630595617348603
0.353251648707011,0.35821164190361,0.37616572689420247,0.09140161999196017
0.33449149663249006,0.3513055487379415,0.31655277434771,0.0684769064499341
0.6308163336961125,0.6349988118536253,0.7125381006200495,0.004326672308535007
0.42052379067209045,0.4352655847606397,0.39666369983171623,0.2401654558493983
0.7470151944971392,0.7538805232622612,0.8316236589441217,0.040703544986923634
0.2964082445698526,0.3154835967801012,0.27029254259650637,0.03209466484946122
0.43999140562928807,0.37077617155568265,0.7142410563368983,0.23212742790389274
0.3316104089453633,0.3437888218700299,0.3394282040853631,0.003636234389501891
0.3101065902105639,0.33348494524574834,0.27178474106452055,0.02722577938779014
0.42834265747711875,0.4644901194978468,0.3233351530897076,0.2884236485964825
0.29012276298444994,0.2895192465106249,0.3221847311343923,0.09540868199139174
0.4559833792335098,0.4820621350739044,0.4318813508642174,0.019199740592062864
0.33622717013563647,0.38108067688598113,0.22959836491862817,0.008723159550994453
0.4101797187152488,0.42229483513984967,0.4306474598081559,0.0014033308222672902
0.3061056593511477,0.3087956769452571,0.32838254181024795,0.10005674678739407
0.342439637199742,0.34157170099559886,0.3752863773812921,0.14864088995516722
0.309609219896034,0.3340637705596452,0.26601463088110755,0.036517460184549266
0.30353061123986197,0.3299287928884902,0.25506205652945524,0.017894846214906113
0.4540782937622887,0.5065730558550133,0.3030063800069759,0.24162372551544653
0.3182360126811026,0.3207514547693776,0.344227912489922,0.09200705633794726
0.2700177239020212,0.2751597151095483,0.28666202531634777,0.04478839856017236
0.47828562967350247,0.4977105706972439,0.4732776878268059,0.06878585584073005
0.3751767852826245,0.36814240019944977,0.4523962269776539,0.033223780209526654
0.3507301701165424,0.36322541412043907,0.34033053955090886,0.13398500457941065
0.3476769107389916,0.3618709588425657,0.3467325863515911,0.030798650939358407
0.3167251157306387,0.32955257209694266,0.29447892550775456,0.16943921865329314
0.4915162933326865,0.5599147759382832,0.2955330862969181,0.2091239260924006
0.40044565925591086,0.3992083568218855,0.4615721683378373,0.031193894747478024
0.5701739255554215,0.6173864145338719,0.443491784882286,0.3193611778461213
0.6038488497315214,0.6578769013190949,0.50319072702652,0.028739349849879248
0.31590772123717004,0.3367475453654185,0.2876809410504887,0.02516460218987593
0.2405172950926907,0.24308844251226835,0.25663371998621365,0.07722529234303754
0.3435303812244345,0.3636918537803101,0.313975403510957,0.07685986458716298
0.2984834475343405,0.32333144224889265,0.24388812349882072,0.08795842550632071
0.506085192290557,0.5239901931190933,0.5164755237954806,0.031064388551436783
0.32428730058215177,0.3637833575599977,0.23486002091979385,0.0068697742625825065
0.4724222926190475,0.5341633871479335,0.32265022044301594,0.041095665347984034
0.48965199735786047,0.5069754552729149,0.4942982303784723,0.06521034240944923
0.3816525704751172,0.410938001317116,0.3305651709072731,0.0473371326806028
0.41948574340974487,0.4461130637388342,0.3565643630422486,0.22259936356346532
0.43462812856848804,0.46035965309484717,0.3839590355060897,0.17847029026860284
0.2991108977787767,0.3276519009715304,0.2242386266497981,0.13637214397029618
0.2950281372174769,0.3386709521005541,0.17941644766289155,0.05347770656363238
0.3890247541299855,0.37871909641971135,0.4827906349261689,0.013941542395557893
0.35454146854197155,0.3901641886902203,0.2833319088181876,0.006829363953648304
0.6259077157315361,0.6983529887925308,0.46856072896246725,2.3099678671545387e-4
0.5133347300515034,0.5023681131241569,0.6231215413199415,0.04913427243802748
0.278644084198615,0.2855277798843461,0.29277198571215723,0.030138512539372053
0.30673732482752875,0.31161240816775926,0.33671214442344044,9.147350184376402e-4
0.20838840132621755,0.21042126655755244,0.23000415614879277,0.021592750614060185
0.3516090163325471,0.3848603726964863,0.2731704218143606,0.10486168962774756
0.3808756276488704,0.3980623829147967,0.3742394283058852,0.03289683331141069
0.314622566226315,0.326568568404094,0.3186945214915339,0.016290719756629768
0.23121223797570928,0.23841062706532756,0.234543198821348,0.045740599742641885
0.24205662830819255,0.2391561188929846,0.27398590830658665,0.10047848628669898
0.3610986201138592,0.3957108191030485,0.2933009327585371,0.014201182675151358
0.4006140214675328,0.41789158062676257,0.36835540813281153,0.2171509689824439
0.35688392629320875,0.3920312629886119,0.2823479581176138,0.0416166423078681
0.38077044559184237,0.38208057352144764,0.4035049913480493,0.20314858436175898
0.41644960937249326,0.40249971781648075,0.4119516748578318,0.7631539692972805
0.29368173541588427,0.30422029806346773,0.3007604829603291,0.007830930251204515
0.4797350722023201,0.49412948124319145,0.4742871585324633,0.18757689117087073
0.45282597982592565,0.4796632318537838,0.4159211456985148,0.08201751752007291
0.24049380369908296,0.2595722163443268,0.20914488946750365,0.010133911245511329
0.4539799793201763,0.4787792485453295,0.35944095626691075,0.504254759636026
0.437136849872314,0.46466171772971065,0.4040740509619626,0.0257014300492574
0.3300902888371448,0.3344798283355882,0.34418669737921015,0.1385496395531487
0.42306606851581346,0.43390172597473275,0.4151354389023334,0.22803653041778105
0.4421650381374431,0.4230308920633302,0.5540356358805801,0.1502876249206958
0.3370038676233863,0.3828235161959619,0.21420025003446164,0.09267243306478701
0.32940742704104126,0.3202549873875862,0.3760838601374539,0.23422861546791562
0.5061648481829822,0.5484001555628979,0.43073960714238957,0.03537627771383178
0.31821783373327833,0.3041275445307142,0.413818961866279,0.01733076163280234
0.38092375555154045,0.37296259199325354,0.4404534114534683,0.17507050057342133
0.3888366365172249,0.38997148488365296,0.4414090150627321,0.02121524158221033
0.3760353694057348,0.37001772083938256,0.43880476276772984,0.10489012030679279
0.34339513602972777,0.3496654908897593,0.3288292024157129,0.295398326788222
0.28955713959278273,0.31205943286759275,0.2531244496337116,0.01433087254458465
0.20447074959176817,0.2190832116182333,0.17677641998173266,0.05198367265478554
0.4016211685532296,0.41221780755333415,0.41965521186284105,0.04322367613851208
0.368589306226254,0.37292011020198446,0.3890095878750741,0.13727113323490803
0.43823628699946854,0.48451968624770025,0.32298021366977303,0.13428136626829146
0.4135748079496262,0.44958054612018317,0.34033391260723966,0.07035283590558228
0.33308380009263316,0.37276374515012756,0.22991525827610004,0.1008192624717894
0.2844889278706222,0.2856661027851317,0.31203566010171324,0.07860664657868754
0.2414577579844996,0.24058071718426155,0.2723105711081534,0.06082957267386924
0.8193638477950038,0.8216406772330215,0.9179455293054906,0.1266280774476728
0.33968828777374355,0.35739551246234935,0.3195826186661114,0.06743577363121567
0.3935859777296929,0.41782269073364053,0.3569963416089116,0.0799094349794841
0.32789128974132076,0.3339734498577933,0.3508386551103956,0.04028739700457795
0.37994325387954136,0.40497222335667105,0.34471796913457997,0.039366893191736474
0.31901183912264003,0.3104087760831734,0.3810894828782172,0.11120091005262278
0.26821347786940064,0.27258012438650714,0.27712266444093114,0.11091814224092988
0.3428152680089331,0.38092448212978436,0.24753923268904687,0.09498373537489668
0.4089013450499499,0.4152913418419707,0.39304987119704415,0.36653965546879697
0.6098550875499216,0.6251846029791506,0.6306432264500628,0.1258447276760406
0.4433817816769831,0.4283054043379254,0.5417863183065328,0.14670922988303037
0.2520023658227807,0.25422924283827686,0.2666764689348524,0.10592216204462102
0.3850286054163905,0.398392902043207,0.3642158021997548,0.2162066348884385
0.49746931151792634,0.5166191383216026,0.49855383398760944,0.05462068810426779
0.4528679777621362,0.5150374178325262,0.30334821153062264,0.01015302946036345
0.35090986665140167,0.3682834150974056,0.32912109982833004,0.09719344389722051
0.2399857218063009,0.23553761830927977,0.2786515997933384,0.08982910513132247
0.45172144147169313,0.4680633083357074,0.4601082982609749,0.025298731131182195
0.22508437798060707,0.24335801889653996,0.1947650047525532,0.0063454058954645065
0.38480257581084476,0.40549674189753704,0.3597497903193969,0.07673874852946494
0.3638803135374949,0.3942663276691153,0.30616943818785247,0.04758063794580214
0.29275065380000725,0.29209591229551335,0.337084532203929,0.01941741639791239
0.32887005394946256,0.33572800568529126,0.3392961740203607,0.10501719674937438
0.39190552577340937,0.4226234024968589,0.3384973436999529,0.040079929762144695
0.45032818267061897,0.4571620344702899,0.4937595052386968,0.012442941913411443
0.845572891547492,0.872632317246163,0.8460269584057332,0.22682228993385212
0.3817829255731569,0.390072864652226,0.38641783811764785,0.16299305149257726
0.44840068588603105,0.47690964050377316,0.3833785703866843,0.22235122683734454
0.42271370416250087,0.4727570021996633,0.2922447414364786,0.13209922233783877
0.4102462583826294,0.45148689054563307,0.3235098408072722,0.035632535634334994
0.49989561199845706,0.5384586223441286,0.42604304488912215,0.10245385730995926
0.3891372074728621,0.4197765885125908,0.32299265737025584,0.12190249369801698
0.22193521687692713,0.23699213776800299,0.20059150709147922,0.018045396468569175
0.24831974701724127,0.2502149488934239,0.2563667018020386,0.15287346677375369
0.4120104518109476,0.44225992777448897,0.3452678310104854,0.15753722265171566
0.3537810959024409,0.38337162569265404,0.2934206058596719,0.07281073812274919
0.29699665845736356,0.3282941699964139,0.21117425672689616,0.14271876124170824
0.4274328589822001,0.4688281846758229,0.3389627801698576,0.06057000221364239
0.27027084396259615,0.28658456366329743,0.24756605953389066,0.04662864407949896
0.4757543111876545,0.4937324467080345,0.4801218660437637,0.038225789559984125
0.5197439712721733,0.5065311093914954,0.6251102629727862,0.13540157944782827
0.4602766128623284,0.4942877225326766,0.4107460711458223,0.00829585608810679
0.42177829164644437,0.438496872940242,0.42110748865605374,0.04567028243122839
0.32522047398992815,0.34445191956470234,0.3060917717962641,0.011929184655899205
0.3391510678945947,0.351738319835056,0.3445156103379313,0.01782247272157267
0.6861829302744161,0.7570474785503801,0.5095765205939825,0.22169286808641708
0.190377812664712,0.20236686289421413,0.16855704655158743,0.059405883453681696
0.1633140737405937,0.16197905670904367,0.17390484412778962,0.12484031596574419
0.5170209753337959,0.5894978509258566,0.3412106304677115,0.010663197926807033
0.3649282819432173,0.3590786545412543,0.4166506614650609,0.16178065713569756
0.33554542681925686,0.37665346586051573,0.2425019687056127,0.004953908761046066
0.36177491323632704,0.3811071758550134,0.3358590954123202,0.09031522357491273
0.27876935053368096,0.29321960130802793,0.24959768861131004,0.13957852253235647
0.2804007117518061,0.28031467169016466,0.3094491622221942,0.09350244061491686
0.33356700460112215,0.34600382179560496,0.3270565087982644,0.09286655741026972
0.29057357889563323,0.31260174566069043,0.23242070002787596,0.16734930279968652
0.22582971261585089,0.24764866395623641,0.18201667283645706,0.014137226176663797
0.3760024182075043,0.38625166497262886,0.35791170454973653,0.2603730029840984
0.45933983282932733,0.5237894000990874,0.29763424749942646,0.0439606085712787
0.2819786608201722,0.29875261432210676,0.22231459501094208,0.2881507759025219
0.26755387838880673,0.27107227536505996,0.26727631136386154,0.18928936723213607
0.33858095217301887,0.33638719103671866,0.39036286624401917,0.0518487507329598
0.4238661677166638,0.4267889951259546,0.454517344773962,0.15807429642115234
0.3939461172163332,0.39832833397173506,0.4147296599109218,0.15909621571246457
0.39301981323890434,0.43249321465056245,0.3149992886861074,0.0019577084908848352
0.3878641551594728,0.43357680758079764,0.2862472690213096,0.008223725405203108
0.4179228243698107,0.4403951378384391,0.3996944065059015,0.02502511508421834
0.319349931256707,0.33009260152656494,0.3098650245392488,0.13654154250358352
0.3422208030138924,0.3567060849094674,0.33943009963901816,0.030718952233170227
0.23840772168726634,0.2375107052486647,0.2771628460769934,0.006857847188393995
0.3639592091580934,0.3739734819416942,0.3801668637349007,0.03068890749105846
0.28849425561301456,0.3110626056294499,0.20664005824579257,0.30706921894837025
0.25540242927766055,0.25485207825687006,0.27986048742706526,0.10891469476753446
0.42193263607731274,0.3988813752451137,0.5051723614251526,0.40533949656643986
0.4589822180080717,0.46157532453172134,0.49536636923757027,0.16342139351995155
0.30274410266171153,0.2970032719073399,0.3597586673043811,0.06271382170783946
0.6954069450309394,0.7495011777215289,0.612039474791631,0.006377472666843409
0.4225064916764411,0.4564160091582722,0.34216964554893403,0.1731225575499452
0.2056549771722923,0.21860597007678717,0.17663929086502628,0.09956909406875714
0.36232997457827104,0.338106770174435,0.4916265010886902,0.07297224990652762
0.3193950096063448,0.3263501302378208,0.3211438130304465,0.14974577315655935
0.5189093816368718,0.5452608575304961,0.49095999947400737,0.1009326607040063
0.6063055687259359,0.6026232849605685,0.6551783329002163,0.3723616895671147
0.4148759408345752,0.433739454143483,0.40768607633200327,0.03233833167776656
0.275551249827218,0.30008509163150854,0.22359962465174732,0.054987680271950445
0.3114423152006957,0.30147264248589734,0.38285156066637827,0.07406298060978611
0.20696115142797808,0.24280831902830557,0.10830442582924238,0.03258691341778708
0.5036667283173495,0.5295783200426127,0.4825329264761805,0.051389587059535335
0.36466274596137493,0.34697118134669036,0.47679004844759154,0.038287177743858036
0.3017909120618126,0.30718595112602065,0.28542453968254644,0.28541931300889
0.24589620036360207,0.24826138785346386,0.26682684267739654,0.05599201121376807
0.37401009473453606,0.4152191985054129,0.2870547689900047,0.0015370868941649851
0.31614865758952376,0.31432682711852167,0.35609307602683493,0.09791291560176618
0.4525482236586176,0.5108548493854684,0.30769568601411723,0.06739673056402795
0.5316298526762311,0.5314628177707743,0.5949230153388775,0.12393539176930157
0.4485903628508379,0.45744769133946683,0.4545844487055345,0.20805169498214293
0.30371994215493436,0.3221907045013376,0.2715873357640206,0.09228362395973022
0.25195259457339586,0.2587021814814314,0.2512532123850002,0.10289743745063284
0.3364685208154098,0.361400583877436,0.2911501757461522,0.06371675477881755
0.5865511084553128,0.5875492349830946,0.6694487981033149,0.02488340801262512
0.288864712717482,0.2937314681668558,0.30439536087883046,0.07713933299470133
0.30560541383515116,0.31742354699451847,0.3109795314227778,0.0017176064694977011
0.40014889603153764,0.40698147737319057,0.42341263600815615,0.09341058301879923
0.3194894488158099,0.32761784837068075,0.31961070735623454,0.13372095322137068
0.3511259291779328,0.37118931738183725,0.3162190331160455,0.12148263720654884
0.3347363573475832,0.36738628448314503,0.25506128824755026,0.10971476108793332
0.3660288477018489,0.36253984512398363,0.41173829028497444,0.14825251384647553
0.4347720853848762,0.4520548712003942,0.43882976310902166,0.015082464006747176
0.4802385464915925,0.5410227097762714,0.3204650443922996,0.13571259864330565
0.5266684385941072,0.5502002727544563,0.5205768572776179,0.030752209700086852
0.4906263437659975,0.4898594918191521,0.5580017122452858,0.07004192527958497
0.3091611751500345,0.3387700309010575,0.2424743153441079,0.06890418400793108
0.3189249519727177,0.34575958433415743,0.27080205748222763,0.02110947861249568
0.4065080215912855,0.439728348879312,0.34057395737564866,0.07916957210071274
0.38572396764958883,0.3946115275797689,0.409491366209066,0.028945464165255452
0.3485464266611404,0.3566535410180446,0.3453116129352992,0.18508157441695305
0.36762693516769723,0.3764070883719557,0.37967002939823546,0.0895173944295532
0.45100850313335994,0.49294284769463537,0.3674868116567148,0.039707484509866386
0.46143458238056684,0.48053102877000875,0.46196577595662924,0.02339817722343651
0.263490589070842,0.3019951602399539,0.15758219074913604,0.07578731666488037
0.42667826219496413,0.39852939639631924,0.5805141431953652,0.06711709348693973
0.32829808276520295,0.31961782559915675,0.3620224077058575,0.30658084252700046
0.4011066813466431,0.40355845055607165,0.44320053890566113,0.0716410829398948
0.41481043681329116,0.4310582077600662,0.3917709856643258,0.19484486061181772
0.38570292984919213,0.4316723761658606,0.2576056893914055,0.17237859775911757
0.3130633160139638,0.3312663273542328,0.28153071603601976,0.10381938201361507
0.38289471483662474,0.4294109530964859,0.276559447472401,0.01564306854898667
0.4592755631375197,0.5235133421991067,0.30221821127319315,0.0184959203063374
0.47588834365435567,0.5105345569827002,0.42130272453763595,0.04231956872606624
0.6205792084160139,0.6316711740822638,0.6458618289917853,0.2037833579808619
0.44706528508907967,0.46298897754150437,0.45958583058595903,0.003284215586708772
0.34350411303092615,0.36095933129768987,0.3147056032585037,0.13350242308617888
0.3507912391321898,0.39099286838364955,0.2555219749359381,0.0552980390210952
0.3707041936098426,0.3845119946345945,0.3781260624214676,0.008223687474040675
0.24133507366659668,0.2374860856236467,0.27014062298507135,0.14165041026126513
0.43747761726749584,0.4392625273936327,0.4734709582163684,0.16284995586892503
0.4514701171145519,0.49234577349272235,0.3770156619884971,0.005311993411094118
0.27640018411551787,0.2649046273464728,0.3170554454149248,0.27369050341613443
0.2874876607910653,0.31579723323450704,0.2287198757244462,0.02531353759540167
0.3767010180559157,0.3757124992201957,0.4248633005485303,0.08607355967364383
0.27736548558969326,0.28938963909401605,0.2504539073322438,0.17869223265996637
0.3179359374511095,0.31410746943193146,0.3710997476426253,0.059420900375662944
0.42479472711732935,0.47161126665565756,0.32499158703980136,0.008240912680572143
0.3214856300703686,0.3466422795579157,0.27524296440574025,0.0496322918083415
0.26773339707282584,0.27319888224152167,0.2819313844639487,0.0510467598732226
0.4126461374709527,0.40959908637938924,0.47398302548471904,0.08321153992615782
0.749146912967494,0.7846704236632112,0.7180221531641693,0.14308424383918517
0.3374510086753937,0.344928951336939,0.3564113587726262,0.04400420151363027
0.36521486214174254,0.37880133827197493,0.368564728328706,0.03424492290608627
0.3570707659037086,0.3565500809480684,0.3964938547806297,0.11261389545225697
0.23906792732542706,0.2544149864994697,0.2220163855914986,6.701466029256364e-4
0.280998543791626,0.2620291872519628,0.38348499402920944,0.046381297994941506
0.3543730649146257,0.35091199138609674,0.3805902511756516,0.2626885751241037
0.35057170556422224,0.3737087768660089,0.32271505163747094,0.0051431759814090094
0.2532360284443201,0.25098658200447266,0.27318894162078733,0.17470491848281555
0.33335678783268885,0.3817378194458052,0.20310565774785916,0.07915472097897125
0.3017568515741669,0.2844311390195292,0.4059332752931445,0.018747529116150075
0.40580874111580945,0.40546578976512804,0.42731259203155003,0.27380771265209325
0.44197756936117766,0.448104452102166,0.4873272895952767,0.007708693199690697
0.29541466568222685,0.3382268785367982,0.19071340966911354,0.0018331055175752065
0.4753770165018171,0.5112941597875529,0.374788584282402,0.3119691680313984
0.2934616112610389,0.3054631102795713,0.29315248717790454,0.02235006509996673
0.38083853691017827,0.3979407928379689,0.3704636972831076,0.0590892039443115
0.24410944072295457,0.25169829580467273,0.24817917150405977,0.04494880749153618
0.4298324243540713,0.46146096763161637,0.37117879897773853,0.09138540189375421
0.3300198534930189,0.34499787753364874,0.32299457903962037,0.03483528332476915
0.3387619093904588,0.36270790929686225,0.2955333328124541,0.07486377177980397
0.4625820841699339,0.4398565612211027,0.5922244097759805,0.13689303909209372
0.30543197112712356,0.3046348735794018,0.35289340299370175,0.015004815207451783
0.27143397716038487,0.28006466922003304,0.2761936567033433,0.04407833399487393
0.4807776448609607,0.4979389942331296,0.493305001158424,0.00878660900398498
0.46848714753604986,0.5257455555382095,0.3320993293408848,0.052157488509553485
0.4461473760592427,0.46139811423885346,0.4513581271081183,0.06520498197202795
0.5198257816853711,0.5774104829746671,0.3834901143205077,0.09573152518387706
0.23008561926492743,0.2375853267649337,0.2320697595259359,0.046513050478111384
0.4933521057781471,0.49302859913372155,0.5658201729191172,0.029568564919611795
0.3202314136470405,0.3501606152955109,0.22703743694921386,0.24501824526178206
0.2892916019285479,0.3176555121746698,0.22315794439710235,0.07376956267715562
0.4437942601633164,0.43598808388819166,0.5167734395300178,0.14697285713096075
0.45982447055464526,0.48603404743918177,0.4071718592132997,0.20568316241412832
0.35151386919036204,0.3759728102833313,0.3176753468307708,0.014893864524161748
0.371286961479808,0.376793233130699,0.3916595174342721,0.11352864415471842
0.5598439919212403,0.5603220742731418,0.5489462215157082,0.6198151766930178
0.3073839789567341,0.3116401175247545,0.33030593102481176,0.06150056507358581
0.19017941150603238,0.2027862306662268,0.17019362352750644,0.033218779252990216
0.6887096458220593,0.7228824307749674,0.647502629152983,0.17893483212404038
0.48021882457236925,0.5035385295616611,0.4672849390492111,0.03361479964465697
0.4094197559512665,0.4566011060001727,0.2944322080106684,0.08328413338649499
0.2573760156453144,0.2712942336829529,0.23829272696844217,0.06470400060135917
0.3653408452985221,0.35697830886714443,0.44642513630587666,0.028485906346241707
0.47602427960993543,0.5041572650606282,0.4340434465858972,0.10872969208229333
0.2528800003031996,0.2508573768500214,0.29613505765455983,0.01768988846133157
0.420015214816192,0.4297861114727456,0.3829926904448684,0.43835547778529194
0.2741020720903968,0.2875253150867817,0.2513805799955666,0.11634784005016152
0.4336158003617061,0.4704789272016834,0.3351337776619189,0.23498529104136712
0.3557934450020114,0.3640949886871998,0.37956185607249104,0.012344485710345632
0.24526133026287497,0.2679872382699343,0.18871336696463914,0.09572413444454841
0.4113213744367458,0.4523756343313552,0.32727212153829643,0.02347857651121954
0.39180430142141326,0.3654806626574799,0.5256039418889978,0.12097006259392529
0.4281376864327137,0.45517142357143425,0.3975705744580601,0.011653538311551581
0.3385837811694564,0.3736173014205114,0.26779526152121347,0.0015428944911396458
0.23986926687899893,0.27234787531337934,0.15746533362845339,0.03648791994342837
0.25214290360802105,0.2853306262886235,0.16513291072841618,0.06257000481349129
0.49378289981194107,0.4875685530201125,0.5678232227303432,0.1538368667747646
0.4582008358230397,0.4100361403260254,0.6813557830102095,0.10347253157790781
0.4991701991467841,0.5083058355991545,0.5433798816409989,0.0038421868789062508
0.36085630721553197,0.40420373030413315,0.26210300562740363,0.016424649315140205
0.39102982892953736,0.4105433508546188,0.3827088713581871,0.0010535176607402441
0.34536709819752637,0.38099298869400866,0.2710792325707425,0.017596218575138933
0.5129633399314412,0.555967110976693,0.3922750384113157,0.3189610086312966
0.5206066179115806,0.509884580610934,0.6143850210973093,0.15491765346787967
0.3319802756165304,0.34459454192318284,0.33659856192063387,0.014888635302396258
0.2989068872643414,0.33055389880393293,0.2303200226062998,0.024619782915881516
0.44358656734958496,0.4846879164538117,0.3466036566913455,0.13875934725659067
0.3109019910613521,0.31375773353251535,0.33057900960223197,0.11798445253870382
0.28293618828075245,0.26515837662602504,0.33560344503049266,0.34509836501214364
0.3011233119576253,0.30163864158064047,0.3371892775126535,0.054915667059420525
0.42904852788826514,0.47174377503071574,0.33053934245056427,0.09787150807163614
0.33124373950325586,0.3417152192339098,0.3059621445036216,0.2573078819438933
0.5784509147241614,0.6268867698377157,0.4849377403730164,0.08415216940584236
0.404227614691808,0.43522900566003153,0.35257028077678987,0.034567002777453615
0.5280736902726711,0.5483013509053304,0.5095363121138294,0.18826682234362724
0.48480002902536845,0.4857666805122176,0.5458971579953796,0.06558331376548787
0.38866193267638405,0.3843232366861822,0.44561909404289124,0.11709610245466806
0.53426454083745345,0.5582999732998554,0.5010992639353057,0.2029053797763387
0.33956949237598505,0.36582293777191766,0.2743145429729955,0.16636300634740597
0.4105555675162393,0.4407711756938216,0.3321358510487801,0.23277083241045915
0.35365299581550463,0.37843193695635347,0.3211031329729731,0.001372542715133429
0.5327437846291648,0.5652069234010035,0.4827281673901893,0.11914429362535262
0.4408785445418323,0.4502488170484752,0.44117776838332545,0.22569138917194964
0.3299306127194073,0.3436735649973335,0.3303742084453447,0.014294602314247506
0.25610635275756055,0.26374525323221143,0.2415086365196938,0.1771718206874211
0.31776033810358034,0.3135487661481554,0.38036852595169346,0.006561790514225563
0.35866282601572974,0.3757452772334602,0.34940753959868165,0.030085503413756598
0.42778774637597994,0.4613806279732937,0.37581251992160614,0.0012186499254925875
0.40599279207411626,0.4020453553904174,0.4648573279081497,0.11312231905076542
0.34767753654439587,0.3827730547197141,0.2647922212913312,0.08787215001072024
0.37739797677234355,0.38703207011241814,0.3313705322990481,0.45739631724580554
0.5344716155481727,0.5410984782434903,0.4987492333639926,0.6159087161368062
0.4831633311585542,0.46575748143819473,0.5910484053155338,0.17786620058891545
0.37145746103611466,0.39230759334949794,0.34158303745334295,0.0911917850334315
0.7777686349607942,0.8694237007957721,0.5707272236615599,0.03801412130910198
0.31069625637358944,0.3245394117718098,0.30545024576025126,0.02977044306789467
0.4390931869885562,0.4690732311110676,0.3870960222381159,0.09488502037517021
0.3093903439786531,0.31144903151184755,0.3268920170133097,0.14875444043811414
0.3433665883044415,0.31131184964729663,0.474825987365859,0.21817141106054738
0.736526370979612,0.775484154136057,0.6747659882426716,0.25148424308424344
0.27725786834524613,0.3053583098306665,0.21704654930967004,0.02922802088644949
0.19244123107643665,0.20188410287924996,0.18796365243711333,0.0066579349750641725
0.5477253644530145,0.5986093607008853,0.4404920397042861,0.08691414464633884
0.5115417072795301,0.5191313898355149,0.5463037712841581,0.1128183557715624
0.27531446094410533,0.3066932623951565,0.20090785584382476,0.044967687747905716
0.5631569273725987,0.581617865793897,0.5428313083724018,0.2751819377338466
0.5067609657933538,0.5201335142807212,0.5070774318748079,0.20038085637660452
0.25496396655756925,0.2456554026954476,0.3091609502814918,0.11444382285346488
0.2865358924347127,0.30588220147927647,0.25736012948861553,0.03595083162802448
0.39599110607790294,0.39047958765075796,0.45353046344402537,0.14733040346489168
0.46730103170445997,0.5001635588282296,0.42100005784847605,0.020462080650686443
0.4453229852308889,0.4759364207150232,0.3878633284640809,0.12221454301342294
0.3320112419008582,0.337812587005079,0.3514200952923654,0.0738032992714508
0.5060728816503007,0.5384024692609093,0.43712027418747956,0.21863006203242852
0.3433139474588897,0.3726156869069336,0.29109494492105414,0.015984401670391946
0.4772308457236553,0.48823200755267715,0.49691192122420913,0.09891946466924173
0.23789120001098615,0.23055716336769505,0.26698732882184883,0.2156275303610684
0.44030516224606386,0.477682599491273,0.36780569936486596,0.061046703749202624
0.34495040319291354,0.3695355175229148,0.29596550650784836,0.10393204988852944
0.5208020618978072,0.5571045866673793,0.47307941241000917,0.0049210897518310315
0.3075472857552031,0.32394239785946943,0.26185926906816903,0.23147656670500905
0.2952063826334897,0.31277772491294464,0.25372359367707986,0.16502791123370586
0.3498979240152924,0.372747225677611,0.3185427105902243,0.03376386480649751
0.2729085197468296,0.29335291964162813,0.23718292541322294,0.03991714877705588
0.3222223843887647,0.35276567908012924,0.24577502059551504,0.12415729846423784
0.3132825356807768,0.34366552841770037,0.2517773796409637,0.0217198482131864
0.4295058954984418,0.46093452116860234,0.3794609092112884,0.03964003390065651
0.27885008038966314,0.2858170201695064,0.2675595131454477,0.1937063563949658
0.34801145539950973,0.3653519960544499,0.327956399298582,0.08377461032477851
0.426307813291633,0.43254328967155975,0.46319752254475544,0.04456976559012771
0.3734242504924581,0.39082480283984466,0.32489955917791247,0.2929148873566224
0.26828571729363127,0.2947440042851579,0.19528161722863246,0.14079811477909066
0.47142467030726776,0.45805967620592913,0.5854261875990264,0.034403124503424864
0.47236332435297085,0.5526311985021153,0.2637397975417407,0.002036153568643617
0.45585543095295833,0.4956901528364819,0.3809702758514588,0.03618629272042728
0.2072462114335225,0.22688394367320597,0.16186699138095173,0.05537470880053508
0.4127327150847024,0.4346383448434109,0.3938993537959944,0.03666417113665732
0.6436547426547032,0.6599361430630041,0.6832168784340147,0.015924360803390214
0.43140970918752886,0.47167507705950196,0.355386401649721,0.009339858228869846
0.32112331835488556,0.3462141556303585,0.27930883620468017,0.02197818524304962
0.4497167894389422,0.4664679660052734,0.4488867444293908,0.07390230093542671
0.4346448798679037,0.43881572078502296,0.46102354707558035,0.1682290347234644
0.5545992550939848,0.5723292377981997,0.5705758368121995,0.04724280117464341
0.3673597156904602,0.3890742967625004,0.33985144598114947,0.05203817947789646
0.6267137892418986,0.5723041120524258,0.7678581278565422,0.9472899679754445
0.3325079813278125,0.31541028740559907,0.38648704678558776,0.37066391334260873
0.36425513831577694,0.4009728304182152,0.2909919463303787,0.004976001947794906
0.28773065746637094,0.30301638081309845,0.262266824024445,0.10542059184096653
0.39341003932903895,0.3898515403887991,0.45016390339690626,0.10541078016093142
0.2520446585723289,0.27901654994697955,0.19019238062283605,0.04036609549063208
0.4177427904267328,0.4266117499872293,0.44682771562440005,0.026816082511136652
0.37566223201781446,0.36600342047667334,0.4187504583506043,0.31533551502895196
0.3179473483173166,0.33329515753215344,0.30770331092325376,0.03527402320899742
0.44596360275845776,0.4968882268901609,0.3298531237514917,0.04194195163216108
0.2607436189916051,0.29950074630832446,0.14986435447801338,0.09961057067114609
0.34702275686476863,0.3652658682400606,0.326446504446378,0.06563438927277154
0.48806729783126945,0.49854525091040613,0.5233745646805035,0.020070213627559452
0.2651976691435864,0.2843689383887289,0.23273606777097688,0.0399586658841703
0.2717857649475383,0.2996391838180559,0.21560564619407718,0.0031689323021920623
0.4013462563468639,0.4031141861276507,0.419727074480559,0.2416115085290148
0.277439033231183,0.28893208614665433,0.2725252178990063,0.04783538226207085
0.46743764478922,0.5068152902145991,0.3910757443568891,0.0677712648966341
0.4009133214290203,0.42256122620610004,0.3772797377940108,0.061918176348557896
0.3105972199272475,0.3280859257465183,0.29338284946486326,0.024520037739165446
0.2862703331200818,0.30315741099800575,0.2708971962659821,0.0019139161051962006
0.2596198439137137,0.27662401503347933,0.21842021581475446,0.14050768793469437
0.2984694268548892,0.29808161718534887,0.33856457464837386,0.04661933800484486
0.3033562966539056,0.33032560569510394,0.23589660290406433,0.1281926908927128
0.26181237775991645,0.2774400408417006,0.2440619460379011,0.021572600053292756
0.3320694908884365,0.3558016860758083,0.28404658013719875,0.10420696557971976
0.2533114020031582,0.26493808148231024,0.24208706589625117,0.061694150300577566
0.5958899369244788,0.6362553074546602,0.5289608641623951,0.11241881818415189
0.37585613219268543,0.40508397763679393,0.329135129598754,0.014463380286500849
0.3745875700861656,0.37956444516709276,0.4112470832382372,0.022988448193133948
0.32178104622537046,0.33051251655087865,0.3189455286740095,0.14151156584397673
0.2863300967978388,0.2963743011708143,0.2921826826148566,0.019701331769615527
0.4850667331892991,0.5149057444539621,0.41260599817224297,0.2771104458076532
0.34601317525143893,0.3451229315639932,0.39589274952323705,0.04198440043186591
0.4678272127424755,0.4465658276551938,0.5713962177553138,0.2783321197535611
0.4414867140314079,0.47678516348755073,0.3830284907870296,0.018252272088067012
0.3278716438738833,0.33512464271014075,0.3490384016691058,0.02519914987685412
0.39144395116481523,0.39566466082380014,0.4349399100554623,0.012606450303094263
0.36536757720347274,0.3742946289846487,0.3704551502900171,0.12913582221444608
0.31714753796490724,0.3058327204010928,0.40098009087396425,0.029610825707845567
0.3216222419542931,0.32123998003897825,0.3368174657766194,0.2315308771811171
0.3269504880018053,0.3259054895660014,0.33993022187218247,0.26634503447846747
0.3784570644606066,0.40677922257068144,0.32764136575607394,0.06429663680280007
0.3137918034644203,0.31722101819549864,0.34989418667203076,0.0010353364880911764
0.2999676791789283,0.2852044917527493,0.37499199064250943,0.14817255029842136
0.2883063020506208,0.30243384551614083,0.27999346894353905,0.020847309049176643
0.36417940755826883,0.3878902550395201,0.33047867426261435,0.043688142230508986
0.27387349845290404,0.28977035214256963,0.24194598638268294,0.11967889629313588
0.30775292761400913,0.3206289928345677,0.3086434229042746,0.008939411884149817
0.6895075599724946,0.7818885541437874,0.46257403794205054,0.06255995892427613
0.18739881291981228,0.19849599499519033,0.1711079483036626,0.04077112651628911
0.19081281524185395,0.18682323136888412,0.22645836313513712,0.04985799406818903
0.43909320256853973,0.45895176146765926,0.4228175766100549,0.09298146941437146
0.36457842776976557,0.35289364376885723,0.44952790292661027,0.07819955407900514
0.39377423612970036,0.4097729196360803,0.39362511617176177,0.030657448755744054
0.34637556517955415,0.3658269224198093,0.31128173312353147,0.1318757742625054
0.3573550254956153,0.3657710336362854,0.3783824625975133,0.02912140357948456
0.36627649741244517,0.3923294212924099,0.32922540172318715,0.014268107083453607
0.4742578259728534,0.5287788840131707,0.3471984268551541,0.05957475295898318
0.30394427382569605,0.28921109951058566,0.39994064775478555,0.015117847865788292
0.3239868399685275,0.33616687929072997,0.32770892217366443,0.022603621478414104
0.33880108490850336,0.35076729036532184,0.345963237628066,0.019918781620714587
0.3378257359544352,0.36568371041341885,0.2877512829924027,0.029409705401321817
0.2782942863904673,0.2767426323499015,0.31926358918183306,0.047246859539535446
0.31552202182138617,0.3260209833696176,0.3209270268403933,0.04145414003131043
0.1861849249724825,0.2020974890895052,0.1528595942631108,0.040720608803889946
0.2730377360850183,0.30103412140895514,0.20361369694472597,0.087271726477118
0.31299198724822064,0.35210476205230956,0.22014879386657293,0.02650522005962397
0.6345542855016525,0.6775490698769046,0.534640643372209,0.30569158666046026
0.25696812250248885,0.26538594202369625,0.26646479131013434,0.003659698027971281
0.24564513974150748,0.2506017385189999,0.25784034109516063,0.05356032719478876
0.3748620277787446,0.4024366708128184,0.32887440991151007,0.046323595714611754
0.4135026326940766,0.4507157203287071,0.3387409906485038,0.05269170887672059
0.1940664070618243,0.19188384662553815,0.19880272116302244,0.21294272465168884
0.3114208667531261,0.3282874076098595,0.29450725406074985,0.037547103529704806
0.2063189835370248,0.2024656597777531,0.24070445646218708,0.0704555371241431
0.27175258361141325,0.2900000873499138,0.23589610077434975,0.08960752227748348
0.4361515783749166,0.4757648289819465,0.3421842482984794,0.1455838405845995
0.6030593150412822,0.5897343413947079,0.6057052168172187,0.8890971402305441
0.38816079818811844,0.40910222655998507,0.3640990986125201,0.06802648731262628
0.2677139041682311,0.2627125059205432,0.3260955538079613,0.0019681618463094352
0.37776291274709317,0.398735484997639,0.3471873928711602,0.09926896327123946
0.42476737912010804,0.4509711293019796,0.3540391725378922,0.28827578857275804
0.27400173770442915,0.2769878875878454,0.2898809348517972,0.10280773220863892
0.5158257749832662,0.5442087815169717,0.48952310232661456,0.04091101547486531
0.6294807797494062,0.6233886615907553,0.7249365623083116,0.14752216330578816
0.48461258832076937,0.5017809379284949,0.496943052304447,0.013742326761437496
0.32257454727620954,0.32127090790699564,0.37451670190237685,0.01454381706676433
0.5213054518009181,0.5364784808079152,0.5477634915231672,0.003993862774616774
0.5877342809348128,0.5992973679529044,0.5656327462513125,0.46828150505047494
0.300437099242121,0.29922848043892336,0.3437422421859305,0.046396840206294865
0.32620540457243274,0.3330076932257966,0.3481301733805725,0.02886169025473795
0.25715244696942896,0.264194503915419,0.25939668875840227,0.08230372265147057
0.32505208604392194,0.3747317832776872,0.19212777131952574,0.058675449682725866
0.3123299356010033,0.31724057737799305,0.30873257514530394,0.22396512697892013
0.2668181324239497,0.24982059610725715,0.3581504240911223,0.059845571187413515
0.32308851854625686,0.33811080419870576,0.317741151638673,0.015987885920888845
0.35207615554276,0.3777619598102876,0.3061133021645127,0.06636152329489142
0.30337366227797247,0.3076799169906054,0.3304479034306641,0.029353948021438314
0.33665443810191953,0.36480644454736666,0.2848224101829431,0.03297378461522482
0.2988431981939807,0.29383182124013496,0.36051009673345047,0.011965746242016517
0.48693126533513825,0.5267609734311177,0.4126066232166379,0.0637320943532046
0.3466439121559575,0.3441183711036231,0.3899499616493157,0.12256730780828651
0.5288548921309927,0.49841000404608327,0.7029851622247157,0.08960247244644437
0.48395430841428116,0.5284749955330791,0.3967964564399006,0.03743542989014592
0.32252001925635454,0.316763235353972,0.3729386387625895,0.12573582763878643
0.5061311926765353,0.5262275738047669,0.5096489784951109,0.025921903747672448
0.3656181786459645,0.3864848581706851,0.3483340373808571,0.0031211634305501335
0.5525730318371754,0.5771880053937125,0.5292797136696221,0.14384330614898666
0.29344164186932586,0.2872383144706173,0.3408853678638263,0.1261606044788537
0.24529236988128278,0.2576675160043119,0.23600074918469827,0.024076661129339927
0.3553988921355739,0.36648257474945367,0.35191644370965247,0.12580546571054074
0.3292616278995458,0.36629080616430876,0.24407781788141103,0.04039491655503724
0.4031196010714606,0.41819807905690565,0.4101981787122667,0.013953844295174211
0.29614373928020743,0.3079703629820194,0.2967987969689233,0.022743322041004377
0.3720411828470881,0.38846653594441194,0.3475915826513566,0.15720230015715342
0.3195236706863918,0.34372037979021564,0.2816619727815435,0.015027720940860578
0.28821180359524057,0.32537145442470683,0.1736292235562351,0.18750977725155094
0.4357980025595587,0.48470851096162204,0.328223105778767,0.022118673328103355
0.3122777178839944,0.3261381326835059,0.3093436742830963,0.015928048829081276
0.43670403349691406,0.4607915755530927,0.4104918211537921,0.05895417631937239
0.35184199310080205,0.3512852642222215,0.38043952830133343,0.17858690366698637
0.3357564528687139,0.35232452115533675,0.3114028958448355,0.11704534537177047
0.5036330988447933,0.47997915386555967,0.6485000433916426,0.1000906892983312
0.2946364590104884,0.34852684522317545,0.14379280298511465,0.04893730248691108
0.39286178089243584,0.3847649328877394,0.4722497424604867,0.0609890577973311
0.3219550536756065,0.32696831982718755,0.33751732418563085,0.10668990077108531
0.2665136148625315,0.27037465548113393,0.2918122751837017,0.014169560428966
0.3328133407477385,0.35617335736862654,0.29557238214802484,0.04332253379683426
0.5221611263952972,0.48713803673529776,0.6684011138399693,0.36842261994911907
0.4799650795615185,0.5038319275146574,0.4424254754887089,0.18088179868996235
0.3068497962543019,0.32990228803726984,0.2659859357976375,0.0479114364198705
0.3707445437001704,0.4038754804661774,0.291778455796316,0.13016709611356692
0.43940690035665214,0.4657402552968104,0.378866761805295,0.23372890486712083
0.5293708289420702,0.5972722145730851,0.35090152074085423,0.14442573826331606
0.40442706684219115,0.4259486669684055,0.37187538740725623,0.12628659670646392
0.36282564380655696,0.3742636493874847,0.3030647464032199,0.49105888282389276
0.2471019659079303,0.26525973424913485,0.21991883359249498,0.010609903195489934
0.236883069838136,0.25424970878514663,0.2119915256905378,0.0034963609033284992
0.6376843288917653,0.7043280578951344,0.49606477814587024,0.04178414732189517
0.3907190119514056,0.4270823030189651,0.3145621770799083,0.05831787459332649
0.30658482637352,0.30818076552013807,0.3419699787654483,0.04021171961074432
0.32953556819273927,0.3384988502458105,0.3437949297781515,0.03284962083819731
0.25879968548287136,0.2839577842063985,0.1947569894000023,0.10263892046095913
0.47485185974758204,0.5137066517718527,0.40484567606234034,0.045762980654226015
0.5268055894711703,0.5403826428917853,0.5475124779343751,0.083204715436351
0.35456756755662006,0.38084992492875913,0.2834727938976247,0.21867030052720293
0.43741287915826416,0.49299045883144776,0.306968685548055,0.02069224925815527
0.4067512606307536,0.41676634559093817,0.4088872968340832,0.16494804051399337
0.5586841149898976,0.5585008986536986,0.6430370673848125,0.01443926622958247
0.4580593216425831,0.4611513079709221,0.5147278346074056,0.01926811087560687
0.2872978461380282,0.2737814926956059,0.37045090580119067,0.054279743220738697
0.31635835164565834,0.3074245078243082,0.3857195455166107,0.06872163729426273
0.3939709525095746,0.415839729840103,0.3231198422335839,0.3569305368088296
0.36582675565635003,0.38196633609210295,0.2962217180668215,0.4510659441879378
0.3875734902988929,0.41594150923614637,0.3424683132685835,0.03524287011702543
0.560406492811602,0.572317289851024,0.5867804303843892,0.11788116479856703
0.41312522610877606,0.4579668213857817,0.31084298610424843,0.057633422509507315
0.5709740780163678,0.5985058470562676,0.4430354020714582,0.7762099577011233
0.41331342099362384,0.4219106241233067,0.3898129824766624,0.3704509182484792
0.35314388651331535,0.37932295185247744,0.3155148582126325,0.0020222468153775486
0.19831848104323335,0.21249595666023136,0.1767149668323874,0.016131528609315327
0.29039513194251376,0.30055582433266614,0.29347250989099005,0.03915822267623603
0.5910706167846076,0.5795338027265541,0.692508063796018,0.1941290477045302
0.36929078566629986,0.4212498715992333,0.22790379424614515,0.10606095035490459
0.22901092657659156,0.23264228241428397,0.22815036638439168,0.15196606674267332
0.3599507302324617,0.37095528464440763,0.37025689812952045,0.042512397261435075
0.29686056641894537,0.3187240461600296,0.26469694062686444,0.008416949842656063
0.4749427015451728,0.49008902971384927,0.49340359663999633,0.010231582593144717
0.43930744612499306,0.46183467255448085,0.39232747309335636,0.23208613326096117
0.3188431768608502,0.3610039687570429,0.21010543039134566,0.06632911399768282
0.4829059123353941,0.5421596224149656,0.349378338230676,0.002572974253800542
0.4274675952474516,0.47985355332710034,0.27123853453945546,0.25101791031017096
0.4573706473712777,0.4942204307411754,0.3689097726188365,0.19389206213761967
0.3286976884735415,0.3669489332557555,0.23789495292924268,0.048551105683528495
0.37924546689568106,0.3536242123324803,0.5027049681349702,0.15965251923722912
0.2513740651189041,0.2842594637192818,0.17328324606807477,0.010693900258271216
0.6418829602882057,0.7077724908616804,0.49073861385354556,0.12507101227980888
0.25135389256850316,0.273675473255635,0.18809172849592148,0.15466995012109763
0.7117422053972156,0.7705414851814404,0.5903996447232922,0.16253091308223255
0.41802773892688905,0.42778844415129,0.42536200143314906,0.14821763000738886
0.5501864398029043,0.6100812434173636,0.42433729913884144,0.005343210981944013
0.3250626489308089,0.34365029157595317,0.30484169743867395,0.033523729797357515
0.38346209420431876,0.39941547144041867,0.37513687839508825,0.07453262352104206
0.39968503732400495,0.4120054480346069,0.41791180948421114,8.06203296221164e-4
0.24843870996834025,0.2668580310342207,0.21643124218674525,0.03735947540298501
0.33470424134339577,0.3568175304200317,0.3082305867356029,0.003582729459234435
0.48555561651969703,0.5131818369584983,0.4622098949517456,0.00863884443138152
0.3440364392617068,0.3426001167537842,0.399594638354803,0.01551577429975426
0.2947904170185241,0.3205849222242608,0.24788944021385417,0.012701187348670095
0.2773563447006698,0.2822009318899027,0.30223604773798973,0.005353279511724041
0.23989906231711364,0.24683421757154733,0.2516830703951538,0.0054610578286133915
0.2622913415221184,0.3030999054682182,0.15460791386553074,0.03369571423908668
0.23674172599059906,0.24642534251148873,0.22736463505095306,0.07733354786727142
0.5400827111155767,0.5519688429508477,0.571014567557733,0.06848573027582538
0.4280885168863785,0.454942926424437,0.3973196630692415,0.01699698384533377
0.3181380808268563,0.35041638968701794,0.23786816332089689,0.10544086212425685
0.5094318971700754,0.5387256584317692,0.45150928352241737,0.21936551009826588
0.3367460467342876,0.33950446471907936,0.3691256673832696,0.06345833875727569
0.4128235889964234,0.41082325873203884,0.4595158227648206,0.15477960217703024
0.36616240861757327,0.40170143557142557,0.29052567357457226,0.049137878321714124
0.4045246879712256,0.4336851492236261,0.3518161324066337,0.08359303955661457
0.23943284824217337,0.2737556222090267,0.14606348583696616,0.06537424743377585
0.4200408552539802,0.4354231426377836,0.42446071938801067,0.04124665263791738
0.31271751052358704,0.3254218103662937,0.31191349590096673,0.02882963327349497
0.35174250521256745,0.3538928082642918,0.38516370182843274,0.08552210238074742
0.3358704039092899,0.3504982223356947,0.31895767191516744,0.11293811440541368
0.3799967102149227,0.4124245745166716,0.3223579102469708,0.016761516646182084
0.31407281761985617,0.31558570075440917,0.34235046415651693,0.09579875124145387
0.40546632937536575,0.45096886601262975,0.2972966709179059,0.07320991469950056
0.43905906061597777,0.436533062756138,0.48061461372738057,0.22637357202510155
0.44984757639124967,0.4869945081192195,0.35459518913322863,0.22376121304684649
0.3399753062274643,0.3748575776674907,0.26827373457719395,0.012312567473260927
0.568764221354851,0.6099643697559187,0.4873473567251926,0.1604871264453972
0.2505742823041673,0.26529663274924487,0.2362195263376793,0.008860214584308856
0.33069398567688363,0.3570272276029488,0.2806411301968774,0.05683628296565091
0.3671426896752151,0.36609338969383376,0.41985677816318134,0.04830522090519007
0.27047192188301256,0.2773413387624756,0.2666610719453538,0.13891873501112628
0.5391878265821424,0.5672775091080385,0.5146753894887162,0.05930923788362974
0.4094656389032772,0.4461122492265365,0.34280412126890414,0.008883842041454426
0.28096533780721417,0.27968969203467586,0.3233307058195035,0.03456030503744578
0.22064056182188865,0.23939318311312974,0.18616547116183035,0.018019389559959187
0.28158644524579285,0.31483264509824316,0.20612436557910085,0.015604880054948422
0.4746789110372084,0.49316122685092234,0.4595168433904775,0.1526469911314703
0.37288759049925696,0.3835137629565003,0.3697442269928728,0.15150130892548452
0.3359881598075716,0.3711008741849511,0.2142476177153252,0.3284057585280208
0.2667895872907644,0.28261797029289615,0.23671602404045244,0.1020998824269218
0.3460338005608725,0.35219515982457594,0.3769816799708726,0.004612813836572416
0.26006539679642354,0.23827857341638037,0.37439351205709415,0.012578299275762928
0.35463158554764906,0.3847763928373503,0.3022124369868807,0.009417355767033397
0.30585906669474955,0.33726874036538945,0.24041407884733268,0.01654644823735052
0.29327462649599273,0.30318416173189056,0.27776327525020994,0.168606586568816
0.4606487661250118,0.45901906534615555,0.5319226933523346,0.03435424176196067
0.46899543017219303,0.526460078920757,0.32910458319393066,0.07074697299441102
0.3952066848764198,0.4317037045942239,0.3273426263482775,0.0058473898887794196
0.33365001316950527,0.3373436501334226,0.3478001950507038,0.1575965989437268
0.2885879790778277,0.2878347797344236,0.30261914608205254,0.21450616315642468
0.20074866005512884,0.2112492310384323,0.1856946558939796,0.059656855483360305
0.30251899044077757,0.3243460568420721,0.2600807392787967,0.08170374300879235
0.32303336556671625,0.34120470017452886,0.2993038679360521,0.06377902657205259
0.19934235204326603,0.2073500040242905,0.1948458983488882,0.046343448443679325
0.28219382151874906,0.273528077967063,0.3472791981376474,0.0562547813416282
0.19207816736481004,0.18354782238180356,0.2501628425875204,0.008572357669737851
0.3765271131962104,0.4230945412918792,0.2693440771561638,0.013622230292456461
0.35494065862497287,0.39315164124985624,0.26509847509053786,0.0694653760453614
0.37445790107215643,0.36539372966007333,0.4518101961943616,0.07783354476608217
0.5383614635754866,0.5066117907596601,0.6553491613404112,0.5003104955374666
0.2843433753794257,0.2766751609147339,0.3472156690037679,0.050091493471483894
0.2580617236039489,0.2685981259464302,0.25503253678181137,0.03797605322462605
0.3452170394375713,0.360187184260533,0.32716633700607856,0.12189276630880808
0.3044732758569474,0.31662253418579456,0.28984342027594,0.1231042865597689
0.4476524921508602,0.4513195250373233,0.4941912776378913,0.06163245291467645
0.23560798065907732,0.23552815355853174,0.26201274099079896,0.06575607136205919
0.4437427136896432,0.4305024089929794,0.5492582478625001,0.05905455663424164
0.4585262562941866,0.4510619496895315,0.5522566552924395,0.01901234684312314
0.5714708761263633,0.6522126115156174,0.373054484757429,0.02399899909387415
0.46801669194850426,0.5285435384946457,0.29292633221938946,0.2289279627763502
0.2608242527475277,0.28244966987038156,0.21093566714813394,0.09303577822866138
0.2996617644640357,0.301036385029831,0.33586852303052894,0.0329836527712436
0.24856195062381983,0.25471633476839417,0.2651987304779906,3.422318282477743e-4
0.6474131658886838,0.6600419954597246,0.699936612753511,0.018538320894089688
0.2668921984035184,0.2738568080002831,0.27174914116069837,0.0768196858424961
0.44590096590497075,0.49542751970282717,0.3399212902269091,0.007830918813336085
0.3583243952252189,0.38651163938011635,0.3078983729795255,0.044700788114657164
0.2860043454344915,0.30576822346833743,0.21878164924925048,0.27327582046575505
0.32387616354671517,0.3334987917742911,0.3324048920250592,0.04944257909140992
0.37518833029051546,0.35845970673391014,0.4563636887287368,0.22813058467635705
0.33925043617756767,0.3212591098326605,0.44543371885036886,0.05834122113057183
0.2997118663336203,0.32175939335647086,0.2679970805471056,0.004161737592000114
0.4500234399285813,0.4886295292526087,0.37931059645684684,0.03118864933039711
0.4237580748950397,0.4532386118042039,0.3517089597454188,0.22128356791048864
0.3493900295135952,0.38237648517692957,0.24584652357626213,0.2718888044464042
0.41999477580583294,0.45749640374793377,0.3520463784854132,0.008321667570135638
0.40536830485840886,0.42831956052962405,0.3851044197191944,0.014804617784783591
0.35623196030479315,0.39684046695007213,0.2618075539201191,0.04598656426105463
0.34787454543398727,0.3771059442261162,0.2830159052561648,0.10432141043119803
0.34408526186600297,0.3688335048969634,0.29982550982055145,0.06863437435890596
0.2826252388674351,0.2986727832940709,0.24073821371509252,0.18975235005425262
0.3827134774509699,0.3989763921510022,0.38141779492562045,0.021037800761236958
0.5480613401138352,0.5917465184139952,0.45354334982268696,0.168407740736086
0.5663992326615614,0.6023255459462082,0.5211532399137025,0.04297800814730346
0.4644631486924844,0.45825874776381115,0.546963193854526,0.06929052954217141
0.5494667431720563,0.5806692794609825,0.5242251822058627,0.0034884604259939334
0.2563796491735173,0.2700845913611294,0.21712140904448107,0.19972713284371701
0.5263930416505769,0.5844854444301457,0.3999695934769706,0.0263013431021466
0.32555989478923925,0.34517261154720436,0.2707257810132261,0.23572795381376377
0.37259841943697714,0.38425875301925505,0.3838130862838792,0.03432980880119019
0.6984958694835092,0.7748120938802464,0.5350745671982285,0.024218589081017816
0.4121960644078774,0.4653521669541095,0.24872698838427354,0.2652904107528161
0.3789043814008919,0.3973841678215294,0.3701214476049526,0.01545656644811777
0.3901606595324724,0.36802670327118325,0.5119098300808186,0.1023259262919558
0.16963732813384408,0.18693631284600531,0.13086161023181175,0.028057151976075723
0.24226440774932867,0.26248113964937325,0.20155714480321685,0.04684208003383328
0.3775165061321209,0.4048988087432084,0.3371324499067464,0.016924083082197727
0.34867490054322126,0.38176485205231814,0.28214899036247076,0.028151289056344675
0.4323859168007126,0.48860080546483153,0.29886655327764344,0.021154862351689063
0.4872566447350079,0.5416298885833901,0.37166203471642967,0.0013999576988027451
0.4815335227621785,0.5053352428979649,0.4694684241927023,0.01831179864514365
0.4008845737379693,0.38311694195120327,0.5191504388585308,0.036330684795507384
0.41671538885523707,0.46988440047165336,0.2883990790492885,0.0409729044892716
0.48548509545439555,0.5293696897603315,0.3963509667805841,0.06629056336524763
0.41892601137789404,0.42909915799405374,0.4159688606193067,0.20663871078115337
0.3935828019920407,0.41882092638865975,0.362248072333909,0.022952497218578838
0.3314352925004547,0.34153604604314614,0.3222547813985154,0.16125616767513995
0.258556985205085,0.2642365591619501,0.27456534943422006,0.02522824439731508
0.42385859008165705,0.47370967843168255,0.2961100489268176,0.11993165957742169
0.4739939208695655,0.49569167870293995,0.43831655088247834,0.21216602425731168
0.396026260610724,0.4077624402879616,0.41491569308677434,0.006134690992078529
0.29615101372385094,0.31122886872038225,0.24863595911811676,0.26193581278087696
0.2871137583884955,0.2981686636606805,0.27457419572198105,0.11705936998914224
0.29674381557963464,0.30278764126598845,0.3192727156989439,0.01273292985398966
0.3571832600382816,0.37630294562769284,0.2859075889051337,0.38546490384092946
0.4901910009047379,0.5150361323142627,0.45151523238331015,0.17623135159673875
0.26622556058683644,0.2668159744929799,0.30481596757814533,0.001896737357037992
0.4444832256677725,0.4802578831748281,0.3869408740918714,0.004457120429494199
0.3003621804298146,0.3387254312413993,0.20394217069711762,0.05418693079241177
0.27617292685167905,0.2899744342091447,0.2668143746076477,0.022932287965377718
0.7534997522390665,0.7835291981676828,0.7395461825180493,0.16082977478812022
0.48776154739700633,0.5494962014892927,0.3422570045515211,0.028836467097926644
0.34730480349148896,0.3410288281126087,0.41731807715088787,0.03494282525971604
0.4124767426094698,0.42350578020052243,0.4257288372224448,0.07532851931423523
0.2812388788099115,0.2794804955469492,0.26136013587913487,0.4504950189692496
0.4239971643279404,0.44286085731955693,0.40443881120227954,0.12186826106388582
0.45443493089195847,0.4110217437742457,0.6454765779025178,0.2003574881021266
0.35385651678739793,0.36272943023382065,0.3584709597446468,0.12193282204153255
0.4446108008459896,0.45651579028602696,0.43370400178914714,0.24459553246577348
0.22080446144320975,0.2179501535674988,0.2452700273395041,0.1266996724810383
0.3024960748790207,0.32353328058906083,0.2740581472592696,0.008633849971945828
0.38265322244520716,0.4232806552116396,0.2948741038858589,0.028773282561156743
0.5634757899348065,0.549454880218386,0.670989935880432,0.18355824459262016
0.47921309450614513,0.45515065628446016,0.633193871284698,0.025713981738391567
0.38903471887503577,0.41803200596290313,0.3444934219488488,0.018717652735739776
0.37650017320667484,0.379135367299018,0.4136259934111548,0.07515964592043145
0.3557062416414818,0.33620901381203816,0.47426138211066904,0.028632526272051484
0.483420722784548,0.5263444866551124,0.4065984685358752,0.006047341446083099
0.5589312302163573,0.5820733489991993,0.5611577916555335,0.01780408030826608
0.4605534763884325,0.48639552210511683,0.3895051780131059,0.3343743428179259
0.3122615355214397,0.3255796347648544,0.29674229325392787,0.11007520423345973
0.43018748918994026,0.4322573471979956,0.46391326139233346,0.16381762035061986
0.3038415849890665,0.3145215103367981,0.3077349242980194,0.03548344255127078
0.26805340036192055,0.2892232003130273,0.20500976528219617,0.19616008754845937
0.5487432206146377,0.5329091611449619,0.6882466336934502,0.002112199492278144
0.7379291398291608,0.7515647121925754,0.7645114067540106,0.2547982052223633
0.21120168250214869,0.19824360840629163,0.286807797049235,0.014544562463513655
0.31135804553929564,0.31431226103935506,0.3426125191506365,0.0409295801476961
0.6021175133128046,0.609206320548176,0.6515221562919085,0.11959509247792766
0.31201443613523566,0.33895709371565397,0.2585584840404408,0.0464130756208917
0.294109078034571,0.31541252459977764,0.2555504801850015,0.0599867128470325
0.6524647034235318,0.6599418789962425,0.6994133902410574,0.1770712949983967
0.2136652515615503,0.20950860732797827,0.25849465857257725,0.01680410059222126
0.3113955281079289,0.33568965779612403,0.2560286411610697,0.11849121725133349
0.3627883864744936,0.39389818141430755,0.29679285775456243,0.08387948766715536
0.31044053145631445,0.3120244214801554,0.33421919248772824,0.11980035707994696
0.39836313258827166,0.40544162024980235,0.3921278993738492,0.2778140113704083
0.25456499506057123,0.2608089806914097,0.2544428874093715,0.11326283334556064
0.5397959618114749,0.5872337905239147,0.411398617902613,0.2950063624120479
0.5314690577866612,0.5731503774851856,0.454239945261418,0.08501546603372845
0.4266041476079494,0.43925877099529653,0.4419506414172648,0.03884545938485173
0.5677443783088068,0.5793445466677615,0.5575156985921808,0.37025726234207645
0.6125665861884205,0.6361166670157492,0.582122451789067,0.2745613983444156
0.20755245750076215,0.21253932288563904,0.18192143532272909,0.26070319621571925
0.22256332170170653,0.2289467550852834,0.22260034315211663,0.07705314468981161
0.6005607396163753,0.6302584538734527,0.5692132563510596,0.12852528340203895
0.38926486785672754,0.3743592710846799,0.43109722039442266,0.4565056012036104
0.2417660117010399,0.2677114758911945,0.18756857249100178,0.003678767881074241
0.3797268242614304,0.40785941267425163,0.33961265979426847,3.0526753823290065e-4
0.664958323713301,0.6777590572348388,0.7033347482740788,0.124147212399772
0.4175638893983924,0.4127943481159523,0.4883337768806101,0.06600052364748954
0.3969345294388405,0.39536063152933465,0.4550705530283894,0.05478517300068164
0.4770987007611229,0.5265120735158416,0.3502261158498847,0.1774380166507905
0.46558772693023265,0.4872304963676055,0.40454944600215126,0.36989326358565866
0.23695177240169532,0.2532482267907732,0.21221692666540404,0.026900774114350767
0.5644220475711963,0.6141539286651551,0.4606346923191532,0.10742610706640643
0.2737308639752241,0.2801318619954467,0.27907946771947667,0.09328811260681669
0.3869757728614042,0.4335096399001537,0.27977656601011436,0.024939781130628225
0.3244436292476614,0.33784341175158683,0.30427950257611147,0.15059677562829887
0.4435605332858548,0.46938164280227956,0.40005356610835474,0.1387999649204794
0.3332662727594045,0.35811586358291625,0.2843440136576596,0.08582192429826063
0.38530307259950497,0.4214084677183988,0.31669148520309187,0.009716084872790631
0.598432873879258,0.6212430582960448,0.5606491519417824,0.32498347894171153
0.3628702776453169,0.3954815814091287,0.29790944714991663,0.043064132306169456
0.30258895023060983,0.3057336039745888,0.32827759859882444,0.06401242387048034
0.6575428107259262,0.6631816807948152,0.7369736219062655,0.012804128532614478
0.49632865881072086,0.5191555434731944,0.48376374269103273,0.05854104991664821
0.3430836224297223,0.36944745158528247,0.3026042703607137,0.006288428391869161
0.3755254634732987,0.39146290372205994,0.36573334921540945,0.07649560454854964
0.40106140218030567,0.4191769304831293,0.37385738264381996,0.16566640390380394
0.3605145964043742,0.37955969644774035,0.32854202613391115,0.13496746030972084
0.6326638069454683,0.6981636400799907,0.498481452791653,0.014443194600945564
0.3117791386633171,0.3219238713619519,0.32287707680877,0.00876036174573469
0.49331142624826113,0.5117313713943364,0.4899106638488897,0.09623365404754058
0.286424761360817,0.30935033701766446,0.24864078362632003,0.010351040444358417
0.3470367215894981,0.36271730710432626,0.33224842813971045,0.08633445571220033
